id,sensor_type,value,timestamp
1,humidity,43.87,2025-05-08T18:41:07.929934+00:00
2,humidity,47.06,2025-05-08T18:41:08.940047+00:00
3,humidity,45.22,2025-05-08T18:41:09.943355+00:00
4,humidity,43.15,2025-05-08T18:41:10.947217+00:00
5,humidity,45.81,2025-05-08T18:41:11.951422+00:00
6,humidity,46.7,2025-05-08T18:41:11.290610+00:00
7,humidity,48.8,2025-05-08T18:41:12.296264+00:00
8,humidity,45.48,2025-05-08T18:41:13.301922+00:00
9,humidity,43.39,2025-05-08T18:41:14.309244+00:00
10,humidity,46.09,2025-05-08T18:41:15.318900+00:00
11,humidity,48.67,2025-05-08T18:41:16.328431+00:00
12,humidity,43.94,2025-05-08T18:41:17.331963+00:00
13,humidity,47.43,2025-05-08T18:41:18.343837+00:00
14,humidity,44.23,2025-05-08T18:41:19.357450+00:00
15,humidity,45.71,2025-05-08T18:41:20.361060+00:00
16,humidity,42.02,2025-05-08T18:41:21.365259+00:00
17,humidity,49.8,2025-05-08T18:41:22.378311+00:00
18,humidity,50.27,2025-05-08T18:41:23.388483+00:00
19,humidity,37.6,2025-05-08T18:41:24.400417+00:00
20,humidity,50.98,2025-05-08T18:41:25.413278+00:00
21,humidity,43.77,2025-05-08T18:41:26.423395+00:00
22,humidity,38.58,2025-05-08T18:41:27.429012+00:00
23,humidity,51.61,2025-05-08T18:41:28.432482+00:00
24,humidity,40.77,2025-05-08T18:41:29.436809+00:00
25,humidity,39.84,2025-05-08T18:41:30.440636+00:00
26,humidity,49.33,2025-05-08T18:41:31.443712+00:00
27,humidity,49.66,2025-05-08T18:41:32.448266+00:00
28,humidity,43.29,2025-05-08T18:41:33.458140+00:00
29,humidity,37.03,2025-05-08T18:41:34.461003+00:00
30,humidity,49.47,2025-05-08T18:41:35.464135+00:00
31,humidity,48.78,2025-05-08T18:41:36.469309+00:00
32,humidity,39.03,2025-05-08T18:41:37.479078+00:00
33,humidity,39.27,2025-05-08T18:41:38.489771+00:00
34,humidity,41.82,2025-05-08T18:41:39.498932+00:00
35,humidity,41.68,2025-05-08T18:41:40.502663+00:00
36,humidity,45.13,2025-05-08T18:41:39.869022+00:00
37,humidity,51.42,2025-05-08T18:41:40.877018+00:00
38,humidity,44.59,2025-05-08T18:41:41.880919+00:00
39,humidity,36.57,2025-05-08T18:41:42.889406+00:00
40,humidity,53.72,2025-05-08T18:41:43.893875+00:00
41,humidity,39.68,2025-05-08T18:41:44.899260+00:00
42,humidity,44.48,2025-05-08T18:41:45.910867+00:00
43,humidity,38.35,2025-05-08T18:41:46.916703+00:00
44,humidity,49.85,2025-05-08T18:41:47.927735+00:00
45,humidity,43.18,2025-05-08T18:41:48.932613+00:00
46,humidity,45.81,2025-05-08T18:41:49.950870+00:00
47,humidity,47.25,2025-05-08T18:41:50.963148+00:00
48,humidity,46.48,2025-05-08T18:41:51.973216+00:00
49,humidity,45.41,2025-05-08T18:41:52.985483+00:00
50,humidity,44.13,2025-05-08T18:41:53.991688+00:00
51,humidity,43.88,2025-05-08T18:41:55.000114+00:00
52,humidity,45.78,2025-05-08T18:41:56.008495+00:00
53,humidity,44.35,2025-05-08T18:41:57.012817+00:00
54,humidity,46.26,2025-05-08T18:41:58.015956+00:00
55,humidity,43.75,2025-05-08T18:41:59.020650+00:00
56,humidity,46.15,2025-05-08T18:42:00.030357+00:00
57,humidity,47.56,2025-05-08T18:42:01.035546+00:00
58,humidity,43.15,2025-05-08T18:42:02.044423+00:00
59,humidity,45.78,2025-05-08T18:42:03.047943+00:00
60,humidity,45.07,2025-05-08T18:42:04.052955+00:00
61,humidity,44.2,2025-05-08T18:42:05.057677+00:00
62,humidity,41.11,2025-05-08T18:42:06.062626+00:00
63,humidity,43.09,2025-05-08T18:42:07.067248+00:00
64,humidity,48.69,2025-05-08T18:42:08.080860+00:00
65,humidity,46.05,2025-05-08T18:42:09.083988+00:00
66,humidity,47.34,2025-05-08T18:42:08.429004+00:00
67,humidity,42.21,2025-05-08T18:42:09.448141+00:00
68,humidity,46.65,2025-05-08T18:42:10.451641+00:00
69,humidity,42.36,2025-05-08T18:42:11.456281+00:00
70,humidity,49.04,2025-05-08T18:42:12.461956+00:00
71,humidity,47.69,2025-05-08T18:42:13.470890+00:00
72,humidity,44.87,2025-05-08T18:42:14.479325+00:00
73,humidity,46.35,2025-05-08T18:42:15.482093+00:00
74,humidity,42.68,2025-05-08T18:42:16.487592+00:00
75,humidity,47.19,2025-05-08T18:42:17.491660+00:00
76,humidity,46.29,2025-05-08T18:42:18.500394+00:00
77,humidity,43.98,2025-05-08T18:42:19.509520+00:00
78,humidity,47.93,2025-05-08T18:42:20.524642+00:00
79,humidity,42.14,2025-05-08T18:42:21.532970+00:00
80,humidity,40.62,2025-05-08T18:42:22.550859+00:00
81,humidity,42.42,2025-05-08T18:42:23.566998+00:00
82,humidity,41.96,2025-05-08T18:42:24.582724+00:00
83,humidity,41.28,2025-05-08T18:42:25.586398+00:00
84,humidity,38.95,2025-05-08T18:42:26.606684+00:00
85,humidity,47.57,2025-05-08T18:42:27.612534+00:00
86,humidity,50.07,2025-05-08T18:42:28.623889+00:00
87,humidity,44.11,2025-05-08T18:42:29.635169+00:00
88,humidity,49.29,2025-05-08T18:42:30.642158+00:00
89,humidity,40.21,2025-05-08T18:42:31.651780+00:00
90,humidity,42.3,2025-05-08T18:42:32.654664+00:00
91,humidity,50.6,2025-05-08T18:42:33.657687+00:00
92,humidity,45.84,2025-05-08T18:42:34.661225+00:00
93,humidity,45.7,2025-05-08T18:42:35.664587+00:00
94,humidity,49.67,2025-05-08T18:42:36.667503+00:00
95,humidity,53.03,2025-05-08T18:42:37.670940+00:00
96,humidity,35.27,2025-05-08T18:42:37.011997+00:00
97,humidity,48.76,2025-05-08T18:42:38.021087+00:00
98,humidity,41.25,2025-05-08T18:42:39.025394+00:00
99,humidity,52.96,2025-05-08T18:42:40.031927+00:00
100,humidity,50.45,2025-05-08T18:42:41.035062+00:00
101,humidity,51.54,2025-05-08T18:42:42.044626+00:00
102,humidity,45.56,2025-05-08T18:42:43.049400+00:00
103,humidity,53.56,2025-05-08T18:42:44.053813+00:00
104,humidity,48.36,2025-05-08T18:42:45.057739+00:00
105,humidity,45.7,2025-05-08T18:42:46.062597+00:00
106,humidity,44.22,2025-05-08T18:42:47.071233+00:00
107,humidity,43.72,2025-05-08T18:42:48.076001+00:00
108,humidity,43.52,2025-05-08T18:42:49.082559+00:00
109,humidity,43.93,2025-05-08T18:42:50.087909+00:00
110,humidity,46.76,2025-05-08T18:42:51.097805+00:00
111,humidity,45.97,2025-05-08T18:42:52.122604+00:00
112,humidity,47.72,2025-05-08T18:42:53.169811+00:00
113,humidity,44.68,2025-05-08T18:42:54.184478+00:00
114,humidity,44.24,2025-05-08T18:42:55.202106+00:00
115,humidity,48.02,2025-05-08T18:42:56.213776+00:00
116,humidity,42.86,2025-05-08T18:42:57.227248+00:00
117,humidity,45.58,2025-05-08T18:42:58.239133+00:00
118,humidity,47.1,2025-05-08T18:42:59.249365+00:00
119,humidity,45.16,2025-05-08T18:43:00.281962+00:00
120,humidity,48.46,2025-05-08T18:43:01.326875+00:00
121,humidity,47.34,2025-05-08T18:43:02.344648+00:00
122,humidity,43.15,2025-05-08T18:43:03.370483+00:00
123,humidity,41.75,2025-05-08T18:43:04.402525+00:00
124,humidity,46.25,2025-05-08T18:43:05.412682+00:00
125,humidity,46.97,2025-05-08T18:43:04.780002+00:00
126,humidity,43.8,2025-05-08T18:43:05.791906+00:00
127,humidity,46.61,2025-05-08T18:43:06.805585+00:00
128,humidity,48.94,2025-05-08T18:43:07.820596+00:00
129,humidity,39.33,2025-05-08T18:43:08.826367+00:00
130,humidity,47.76,2025-05-08T18:43:09.833802+00:00
131,humidity,44.69,2025-05-08T18:43:10.863982+00:00
132,humidity,47.51,2025-05-08T18:43:11.921327+00:00
133,humidity,45.52,2025-05-08T18:43:12.942208+00:00
134,humidity,41.05,2025-05-08T18:43:13.986634+00:00
135,humidity,43.12,2025-05-08T18:43:15.003106+00:00
136,humidity,48.52,2025-05-08T18:43:16.037740+00:00
137,humidity,39.31,2025-05-08T18:43:17.062102+00:00
138,humidity,40.71,2025-05-08T18:43:18.074585+00:00
139,humidity,39.67,2025-05-08T18:43:19.087947+00:00
140,humidity,49.96,2025-05-08T18:43:20.097432+00:00
141,humidity,46.01,2025-05-08T18:43:21.103919+00:00
142,humidity,47.49,2025-05-08T18:43:22.131014+00:00
143,humidity,47.49,2025-05-08T18:43:22.131014+00:00
144,humidity,48.34,2025-05-08T18:43:23.138517+00:00
145,humidity,48.34,2025-05-08T18:43:23.138517+00:00
146,humidity,43.06,2025-05-08T18:43:24.144902+00:00
147,humidity,43.06,2025-05-08T18:43:24.144902+00:00
148,humidity,43.58,2025-05-08T18:43:25.176277+00:00
149,humidity,43.58,2025-05-08T18:43:25.176277+00:00
150,humidity,49.51,2025-05-08T18:43:26.182998+00:00
151,humidity,49.51,2025-05-08T18:43:26.182998+00:00
152,humidity,41.79,2025-05-08T18:43:27.198410+00:00
153,humidity,41.79,2025-05-08T18:43:27.198410+00:00
154,humidity,47.62,2025-05-08T18:43:28.203551+00:00
155,humidity,47.62,2025-05-08T18:43:28.203551+00:00
156,humidity,44.89,2025-05-08T18:43:29.229498+00:00
157,humidity,44.89,2025-05-08T18:43:29.229498+00:00
158,humidity,49.95,2025-05-08T18:43:30.251338+00:00
159,humidity,49.95,2025-05-08T18:43:30.251338+00:00
160,humidity,46.78,2025-05-08T18:43:31.273984+00:00
161,humidity,46.78,2025-05-08T18:43:31.273984+00:00
162,humidity,52.91,2025-05-08T18:43:32.278710+00:00
163,humidity,52.91,2025-05-08T18:43:32.278710+00:00
164,humidity,50.22,2025-05-08T18:43:33.282584+00:00
165,humidity,50.22,2025-05-08T18:43:33.282584+00:00
166,humidity,44.32,2025-05-08T18:43:34.294908+00:00
167,humidity,44.32,2025-05-08T18:43:34.294908+00:00
168,humidity,38.92,2025-05-08T18:43:33.638838+00:00
169,humidity,38.92,2025-05-08T18:43:33.638838+00:00
170,humidity,37.41,2025-05-08T18:43:34.645515+00:00
171,humidity,37.41,2025-05-08T18:43:34.645515+00:00
172,humidity,41.09,2025-05-08T18:43:35.666705+00:00
173,humidity,41.09,2025-05-08T18:43:35.666705+00:00
174,humidity,49.37,2025-05-08T18:43:36.681592+00:00
175,humidity,49.37,2025-05-08T18:43:36.681592+00:00
176,humidity,38.36,2025-05-08T18:43:37.685291+00:00
177,humidity,38.36,2025-05-08T18:43:37.685291+00:00
178,humidity,43.34,2025-05-08T18:43:38.690067+00:00
179,humidity,43.34,2025-05-08T18:43:38.690067+00:00
180,humidity,50.87,2025-05-08T18:43:39.712318+00:00
181,humidity,50.87,2025-05-08T18:43:39.712318+00:00
182,humidity,39.12,2025-05-08T18:43:40.720232+00:00
183,humidity,39.12,2025-05-08T18:43:40.720232+00:00
184,humidity,38.78,2025-05-08T18:43:41.731715+00:00
185,humidity,38.78,2025-05-08T18:43:41.731715+00:00
186,humidity,39.75,2025-05-08T18:43:42.749348+00:00
187,humidity,39.75,2025-05-08T18:43:42.749348+00:00
188,humidity,43.83,2025-05-08T18:43:43.753735+00:00
189,humidity,43.83,2025-05-08T18:43:43.753735+00:00
190,humidity,44.49,2025-05-08T18:43:44.795675+00:00
191,humidity,44.49,2025-05-08T18:43:44.795675+00:00
192,humidity,43.18,2025-05-08T18:43:45.812829+00:00
193,humidity,43.18,2025-05-08T18:43:45.812829+00:00
194,humidity,45.6,2025-05-08T18:43:46.828131+00:00
195,humidity,45.6,2025-05-08T18:43:46.828131+00:00
196,humidity,45.06,2025-05-08T18:43:47.833135+00:00
197,humidity,45.06,2025-05-08T18:43:47.833135+00:00
198,humidity,45.94,2025-05-08T18:43:48.837424+00:00
199,humidity,45.94,2025-05-08T18:43:48.837424+00:00
200,humidity,45.61,2025-05-08T18:43:49.844397+00:00
201,humidity,45.61,2025-05-08T18:43:49.844397+00:00
202,humidity,46.62,2025-05-08T18:43:50.864639+00:00
203,humidity,46.62,2025-05-08T18:43:50.864639+00:00
204,humidity,43.83,2025-05-08T18:43:51.873203+00:00
205,humidity,43.83,2025-05-08T18:43:51.873203+00:00
206,humidity,43.62,2025-05-08T18:43:52.887434+00:00
207,humidity,43.62,2025-05-08T18:43:52.887434+00:00
208,humidity,42.67,2025-05-08T18:43:53.895823+00:00
209,humidity,42.67,2025-05-08T18:43:53.895823+00:00
210,humidity,45.11,2025-05-08T18:43:54.909287+00:00
211,humidity,45.11,2025-05-08T18:43:54.909287+00:00
212,humidity,44.45,2025-05-08T18:43:55.925264+00:00
213,humidity,44.45,2025-05-08T18:43:55.925264+00:00
214,humidity,46.44,2025-05-08T18:43:56.968486+00:00
215,humidity,46.44,2025-05-08T18:43:56.968486+00:00
216,humidity,43.95,2025-05-08T18:43:57.981003+00:00
217,humidity,43.95,2025-05-08T18:43:57.981003+00:00
218,humidity,43.57,2025-05-08T18:43:59.032141+00:00
219,humidity,43.57,2025-05-08T18:43:59.032141+00:00
220,humidity,42.67,2025-05-08T18:44:00.038374+00:00
221,humidity,42.67,2025-05-08T18:44:00.038374+00:00
222,humidity,42.16,2025-05-08T18:44:01.052144+00:00
223,humidity,42.16,2025-05-08T18:44:01.052144+00:00
224,humidity,43.84,2025-05-08T18:44:02.058396+00:00
225,humidity,43.84,2025-05-08T18:44:02.058396+00:00
226,humidity,42.49,2025-05-08T18:44:01.416371+00:00
227,humidity,42.49,2025-05-08T18:44:01.416371+00:00
228,humidity,46.37,2025-05-08T18:44:02.449608+00:00
229,humidity,46.37,2025-05-08T18:44:02.449608+00:00
230,humidity,44.23,2025-05-08T18:44:03.480069+00:00
231,humidity,44.23,2025-05-08T18:44:03.480069+00:00
232,humidity,45.66,2025-05-08T18:44:04.508236+00:00
233,humidity,45.66,2025-05-08T18:44:04.508236+00:00
234,humidity,46.06,2025-05-08T18:44:05.533508+00:00
235,humidity,46.06,2025-05-08T18:44:05.533508+00:00
236,humidity,44.89,2025-05-08T18:44:06.541488+00:00
237,humidity,44.89,2025-05-08T18:44:06.541488+00:00
238,humidity,46.67,2025-05-08T18:44:07.554229+00:00
239,humidity,46.67,2025-05-08T18:44:07.554229+00:00
240,humidity,47.23,2025-05-08T18:44:08.568311+00:00
241,humidity,47.23,2025-05-08T18:44:08.568311+00:00
242,humidity,47.0,2025-05-08T18:44:09.591653+00:00
243,humidity,47.0,2025-05-08T18:44:09.591653+00:00
244,humidity,42.51,2025-05-08T18:44:10.598393+00:00
245,humidity,42.51,2025-05-08T18:44:10.598393+00:00
246,humidity,50.74,2025-05-08T18:44:11.611963+00:00
247,humidity,50.74,2025-05-08T18:44:11.611963+00:00
248,humidity,46.85,2025-05-08T18:44:12.646054+00:00
249,humidity,46.85,2025-05-08T18:44:12.646054+00:00
250,humidity,44.41,2025-05-08T18:44:13.652866+00:00
251,humidity,44.41,2025-05-08T18:44:13.652866+00:00
252,humidity,40.32,2025-05-08T18:44:14.659533+00:00
253,humidity,40.32,2025-05-08T18:44:14.659533+00:00
254,humidity,49.6,2025-05-08T18:44:15.679528+00:00
255,humidity,49.6,2025-05-08T18:44:15.679528+00:00
256,humidity,49.99,2025-05-08T18:44:16.684259+00:00
257,humidity,49.99,2025-05-08T18:44:16.684259+00:00
258,humidity,39.91,2025-05-08T18:44:17.728586+00:00
259,humidity,39.91,2025-05-08T18:44:17.728586+00:00
260,humidity,45.23,2025-05-08T18:44:18.752414+00:00
261,humidity,45.23,2025-05-08T18:44:18.752414+00:00
262,humidity,41.4,2025-05-08T18:44:19.760503+00:00
263,humidity,41.4,2025-05-08T18:44:19.760503+00:00
264,humidity,43.72,2025-05-08T18:44:20.780105+00:00
265,humidity,43.72,2025-05-08T18:44:20.780105+00:00
266,humidity,40.63,2025-05-08T18:44:21.874375+00:00
267,humidity,40.63,2025-05-08T18:44:21.874375+00:00
268,humidity,42.89,2025-05-08T18:44:22.890384+00:00
269,humidity,42.89,2025-05-08T18:44:22.890384+00:00
270,humidity,48.96,2025-05-08T18:44:23.894228+00:00
271,humidity,48.96,2025-05-08T18:44:23.894228+00:00
272,humidity,49.87,2025-05-08T18:44:24.899141+00:00
273,humidity,49.87,2025-05-08T18:44:24.899141+00:00
274,humidity,45.33,2025-05-08T18:44:25.918937+00:00
275,humidity,45.33,2025-05-08T18:44:25.918937+00:00
276,humidity,40.41,2025-05-08T18:44:26.924403+00:00
277,humidity,40.41,2025-05-08T18:44:26.924403+00:00
278,humidity,48.87,2025-05-08T18:44:27.948830+00:00
279,humidity,48.87,2025-05-08T18:44:27.948830+00:00
280,humidity,49.22,2025-05-08T18:44:28.955690+00:00
281,humidity,49.22,2025-05-08T18:44:28.955690+00:00
282,humidity,41.89,2025-05-08T18:44:29.965073+00:00
283,humidity,41.89,2025-05-08T18:44:29.965073+00:00
284,humidity,39.65,2025-05-08T18:44:30.968319+00:00
285,humidity,39.65,2025-05-08T18:44:30.968319+00:00
286,humidity,46.96,2025-05-08T18:44:30.296279+00:00
287,humidity,46.96,2025-05-08T18:44:30.296279+00:00
288,humidity,50.84,2025-05-08T18:44:31.305258+00:00
289,humidity,50.84,2025-05-08T18:44:31.305258+00:00
290,humidity,45.0,2025-05-08T18:44:32.324404+00:00
291,humidity,45.0,2025-05-08T18:44:32.324404+00:00
292,humidity,36.75,2025-05-08T18:44:33.385475+00:00
293,humidity,36.75,2025-05-08T18:44:33.385475+00:00
294,humidity,41.92,2025-05-08T18:44:34.413437+00:00
295,humidity,41.92,2025-05-08T18:44:34.413437+00:00
296,humidity,40.82,2025-05-08T18:44:35.437144+00:00
297,humidity,40.82,2025-05-08T18:44:35.437144+00:00
298,humidity,35.9,2025-05-08T18:44:36.445123+00:00
299,humidity,35.9,2025-05-08T18:44:36.445123+00:00
300,humidity,38.66,2025-05-08T18:44:37.471161+00:00
301,humidity,38.66,2025-05-08T18:44:37.471161+00:00
302,humidity,37.46,2025-05-08T18:44:38.483368+00:00
303,humidity,37.46,2025-05-08T18:44:38.483368+00:00
304,humidity,52.52,2025-05-08T18:44:39.514241+00:00
305,humidity,52.52,2025-05-08T18:44:39.514241+00:00
306,humidity,38.73,2025-05-08T18:44:40.519126+00:00
307,humidity,38.73,2025-05-08T18:44:40.519126+00:00
308,humidity,46.08,2025-05-08T18:44:41.542910+00:00
309,humidity,46.08,2025-05-08T18:44:41.542910+00:00
310,humidity,45.33,2025-05-08T18:44:42.566910+00:00
311,humidity,45.33,2025-05-08T18:44:42.566910+00:00
312,humidity,45.56,2025-05-08T18:44:43.574969+00:00
313,humidity,45.56,2025-05-08T18:44:43.574969+00:00
314,humidity,43.88,2025-05-08T18:44:44.587193+00:00
315,humidity,43.88,2025-05-08T18:44:44.587193+00:00
316,humidity,46.49,2025-05-08T18:44:45.602086+00:00
317,humidity,46.49,2025-05-08T18:44:45.602086+00:00
318,humidity,46.32,2025-05-08T18:44:46.619125+00:00
319,humidity,46.32,2025-05-08T18:44:46.619125+00:00
320,humidity,44.47,2025-05-08T18:44:47.629456+00:00
321,humidity,44.47,2025-05-08T18:44:47.629456+00:00
322,humidity,45.22,2025-05-08T18:44:48.636164+00:00
323,humidity,45.22,2025-05-08T18:44:48.636164+00:00
324,humidity,47.15,2025-05-08T18:44:49.647734+00:00
325,humidity,47.15,2025-05-08T18:44:49.647734+00:00
326,humidity,44.14,2025-05-08T18:44:50.660775+00:00
327,humidity,44.14,2025-05-08T18:44:50.660775+00:00
328,humidity,45.18,2025-05-08T18:44:51.678238+00:00
329,humidity,45.18,2025-05-08T18:44:51.678238+00:00
330,humidity,46.4,2025-05-08T18:44:52.688281+00:00
331,humidity,46.4,2025-05-08T18:44:52.688281+00:00
332,humidity,44.42,2025-05-08T18:44:53.715739+00:00
333,humidity,44.42,2025-05-08T18:44:53.715739+00:00
334,humidity,45.11,2025-05-08T18:44:54.736951+00:00
335,humidity,45.11,2025-05-08T18:44:54.736951+00:00
336,humidity,43.18,2025-05-08T18:44:55.740379+00:00
337,humidity,43.18,2025-05-08T18:44:55.740379+00:00
338,humidity,45.55,2025-05-08T18:44:56.747245+00:00
339,humidity,45.55,2025-05-08T18:44:56.747245+00:00
340,humidity,43.87,2025-05-08T18:44:57.775588+00:00
341,humidity,43.87,2025-05-08T18:44:57.775588+00:00
342,humidity,47.49,2025-05-08T18:44:58.791806+00:00
343,humidity,47.49,2025-05-08T18:44:58.791806+00:00
344,humidity,45.88,2025-05-08T18:44:58.131058+00:00
345,humidity,45.88,2025-05-08T18:44:58.131058+00:00
346,humidity,42.76,2025-05-08T18:44:59.145703+00:00
347,humidity,42.76,2025-05-08T18:44:59.145703+00:00
348,humidity,40.8,2025-05-08T18:45:00.153887+00:00
349,humidity,40.8,2025-05-08T18:45:00.153887+00:00
350,humidity,45.9,2025-05-08T18:45:01.164639+00:00
351,humidity,45.9,2025-05-08T18:45:01.164639+00:00
352,humidity,40.36,2025-05-08T18:45:02.167405+00:00
353,humidity,40.36,2025-05-08T18:45:02.167405+00:00
354,humidity,46.2,2025-05-08T18:45:03.184423+00:00
355,humidity,46.2,2025-05-08T18:45:03.184423+00:00
356,humidity,47.55,2025-05-08T18:45:04.188316+00:00
357,humidity,47.55,2025-05-08T18:45:04.188316+00:00
358,humidity,48.16,2025-05-08T18:45:05.199708+00:00
359,humidity,48.16,2025-05-08T18:45:05.199708+00:00
360,humidity,46.62,2025-05-08T18:45:06.206916+00:00
361,humidity,46.62,2025-05-08T18:45:06.206916+00:00
362,humidity,47.78,2025-05-08T18:45:07.215385+00:00
363,humidity,47.78,2025-05-08T18:45:07.215385+00:00
364,humidity,43.2,2025-05-08T18:45:08.219100+00:00
365,humidity,43.2,2025-05-08T18:45:08.219100+00:00
366,humidity,47.06,2025-05-08T18:45:09.240142+00:00
367,humidity,47.06,2025-05-08T18:45:09.240142+00:00
368,humidity,46.52,2025-05-08T18:45:10.246402+00:00
369,humidity,46.52,2025-05-08T18:45:10.246402+00:00
370,humidity,44.47,2025-05-08T18:45:11.262548+00:00
371,humidity,44.47,2025-05-08T18:45:11.262548+00:00
372,humidity,44.08,2025-05-08T18:45:12.274454+00:00
373,humidity,44.08,2025-05-08T18:45:12.274454+00:00
374,humidity,49.86,2025-05-08T18:45:13.282408+00:00
375,humidity,49.86,2025-05-08T18:45:13.282408+00:00
376,humidity,49.67,2025-05-08T18:45:14.295500+00:00
377,humidity,49.67,2025-05-08T18:45:14.295500+00:00
378,humidity,46.8,2025-05-08T18:45:15.300772+00:00
379,humidity,46.8,2025-05-08T18:45:15.300772+00:00
380,humidity,48.56,2025-05-08T18:45:16.313608+00:00
381,humidity,48.56,2025-05-08T18:45:16.313608+00:00
382,humidity,49.25,2025-05-08T18:45:17.318521+00:00
383,humidity,49.25,2025-05-08T18:45:17.318521+00:00
384,humidity,49.56,2025-05-08T18:45:18.333603+00:00
385,humidity,49.56,2025-05-08T18:45:18.333603+00:00
386,humidity,39.65,2025-05-08T18:45:19.338822+00:00
387,humidity,39.65,2025-05-08T18:45:19.338822+00:00
388,humidity,39.28,2025-05-08T18:45:20.401887+00:00
389,humidity,39.28,2025-05-08T18:45:20.401887+00:00
390,humidity,42.24,2025-05-08T18:45:21.420113+00:00
391,humidity,42.24,2025-05-08T18:45:21.420113+00:00
392,humidity,40.01,2025-05-08T18:45:22.435197+00:00
393,humidity,40.01,2025-05-08T18:45:22.435197+00:00
394,humidity,53.81,2025-05-08T18:45:23.446242+00:00
395,humidity,53.81,2025-05-08T18:45:23.446242+00:00
396,humidity,48.18,2025-05-08T18:45:24.467041+00:00
397,humidity,48.18,2025-05-08T18:45:24.467041+00:00
398,humidity,53.19,2025-05-08T18:45:25.484218+00:00
399,humidity,53.19,2025-05-08T18:45:25.484218+00:00
400,humidity,46.95,2025-05-08T18:45:26.488114+00:00
401,humidity,46.95,2025-05-08T18:45:26.488114+00:00
402,humidity,51.13,2025-05-08T18:45:27.503850+00:00
403,humidity,51.13,2025-05-08T18:45:27.503850+00:00
404,humidity,45.34,2025-05-08T18:45:26.862009+00:00
405,humidity,45.34,2025-05-08T18:45:26.862009+00:00
406,humidity,38.49,2025-05-08T18:45:27.883578+00:00
407,humidity,38.49,2025-05-08T18:45:27.883578+00:00
408,humidity,38.71,2025-05-08T18:45:28.890006+00:00
409,humidity,38.71,2025-05-08T18:45:28.890006+00:00
410,humidity,44.72,2025-05-08T18:45:29.925731+00:00
411,humidity,44.72,2025-05-08T18:45:29.925731+00:00
412,humidity,36.31,2025-05-08T18:45:30.984179+00:00
413,humidity,36.31,2025-05-08T18:45:30.984179+00:00
414,humidity,40.7,2025-05-08T18:45:31.988871+00:00
415,humidity,40.7,2025-05-08T18:45:31.988871+00:00
416,humidity,34.5,2025-05-08T18:45:33.005615+00:00
417,humidity,34.5,2025-05-08T18:45:33.005615+00:00
418,humidity,42.02,2025-05-08T18:45:34.009306+00:00
419,humidity,42.02,2025-05-08T18:45:34.009306+00:00
420,humidity,34.73,2025-05-08T18:45:35.014805+00:00
421,humidity,34.73,2025-05-08T18:45:35.014805+00:00
422,humidity,41.86,2025-05-08T18:45:36.022397+00:00
423,humidity,41.86,2025-05-08T18:45:36.022397+00:00
424,humidity,38.76,2025-05-08T18:45:37.026156+00:00
425,humidity,38.76,2025-05-08T18:45:37.026156+00:00
426,humidity,45.59,2025-05-08T18:45:38.037406+00:00
427,humidity,45.59,2025-05-08T18:45:38.037406+00:00
428,humidity,45.94,2025-05-08T18:45:39.043793+00:00
429,humidity,45.94,2025-05-08T18:45:39.043793+00:00
430,humidity,45.47,2025-05-08T18:45:40.051054+00:00
431,humidity,45.47,2025-05-08T18:45:40.051054+00:00
432,humidity,43.74,2025-05-08T18:45:41.055610+00:00
433,humidity,43.74,2025-05-08T18:45:41.055610+00:00
434,humidity,43.78,2025-05-08T18:45:42.066966+00:00
435,humidity,43.78,2025-05-08T18:45:42.066966+00:00
436,humidity,45.17,2025-05-08T18:45:43.081991+00:00
437,humidity,45.17,2025-05-08T18:45:43.081991+00:00
438,humidity,44.62,2025-05-08T18:45:44.093769+00:00
439,humidity,44.62,2025-05-08T18:45:44.093769+00:00
440,humidity,42.99,2025-05-08T18:45:45.115076+00:00
441,humidity,42.99,2025-05-08T18:45:45.115076+00:00
442,humidity,45.95,2025-05-08T18:45:46.127118+00:00
443,humidity,45.95,2025-05-08T18:45:46.127118+00:00
444,humidity,47.21,2025-05-08T18:45:47.138822+00:00
445,humidity,47.21,2025-05-08T18:45:47.138822+00:00
446,humidity,44.18,2025-05-08T18:45:48.143000+00:00
447,humidity,44.18,2025-05-08T18:45:48.143000+00:00
448,humidity,45.39,2025-05-08T18:45:49.202136+00:00
449,humidity,45.39,2025-05-08T18:45:49.202136+00:00
450,humidity,46.29,2025-05-08T18:45:50.205096+00:00
451,humidity,46.29,2025-05-08T18:45:50.205096+00:00
452,humidity,44.56,2025-05-08T18:45:51.210736+00:00
453,humidity,44.56,2025-05-08T18:45:51.210736+00:00
454,humidity,44.66,2025-05-08T18:45:52.248684+00:00
455,humidity,44.66,2025-05-08T18:45:52.248684+00:00
456,humidity,46.11,2025-05-08T18:45:53.257141+00:00
457,humidity,46.11,2025-05-08T18:45:53.257141+00:00
458,humidity,42.73,2025-05-08T18:45:54.263759+00:00
459,humidity,42.73,2025-05-08T18:45:54.263759+00:00
460,humidity,46.31,2025-05-08T18:45:55.311683+00:00
461,humidity,46.31,2025-05-08T18:45:55.311683+00:00
462,humidity,43.78,2025-05-08T18:45:54.658617+00:00
463,humidity,43.78,2025-05-08T18:45:54.658617+00:00
464,humidity,43.76,2025-05-08T18:45:55.689936+00:00
465,humidity,43.76,2025-05-08T18:45:55.689936+00:00
466,humidity,45.82,2025-05-08T18:45:56.714330+00:00
467,humidity,45.82,2025-05-08T18:45:56.714330+00:00
468,humidity,46.35,2025-05-08T18:45:57.732349+00:00
469,humidity,46.35,2025-05-08T18:45:57.732349+00:00
470,humidity,44.14,2025-05-08T18:45:58.738747+00:00
471,humidity,44.14,2025-05-08T18:45:58.738747+00:00
472,humidity,42.78,2025-05-08T18:45:59.760610+00:00
473,humidity,42.78,2025-05-08T18:45:59.760610+00:00
474,humidity,45.32,2025-05-08T18:46:00.765307+00:00
475,humidity,45.32,2025-05-08T18:46:00.765307+00:00
476,humidity,45.73,2025-05-08T18:46:01.823900+00:00
477,humidity,45.73,2025-05-08T18:46:01.823900+00:00
478,humidity,47.72,2025-05-08T18:46:02.876216+00:00
479,humidity,47.72,2025-05-08T18:46:02.876216+00:00
480,humidity,48.54,2025-05-08T18:46:03.906249+00:00
481,humidity,48.54,2025-05-08T18:46:03.906249+00:00
482,humidity,49.85,2025-05-08T18:46:04.909859+00:00
483,humidity,49.85,2025-05-08T18:46:04.909859+00:00
484,humidity,47.66,2025-05-08T18:46:05.924226+00:00
485,humidity,47.66,2025-05-08T18:46:05.924226+00:00
486,humidity,45.93,2025-05-08T18:46:06.928734+00:00
487,humidity,45.93,2025-05-08T18:46:06.928734+00:00
488,humidity,38.75,2025-05-08T18:46:07.940511+00:00
489,humidity,38.75,2025-05-08T18:46:07.940511+00:00
490,humidity,40.04,2025-05-08T18:46:08.946739+00:00
491,humidity,40.04,2025-05-08T18:46:08.946739+00:00
492,humidity,46.39,2025-05-08T18:46:09.984680+00:00
493,humidity,46.39,2025-05-08T18:46:09.984680+00:00
494,humidity,40.42,2025-05-08T18:46:10.988449+00:00
495,humidity,40.42,2025-05-08T18:46:10.988449+00:00
496,humidity,46.36,2025-05-08T18:46:11.993387+00:00
497,humidity,46.36,2025-05-08T18:46:11.993387+00:00
498,humidity,50.16,2025-05-08T18:46:13.001507+00:00
499,humidity,50.16,2025-05-08T18:46:13.001507+00:00
500,humidity,49.82,2025-05-08T18:46:14.005715+00:00
501,humidity,49.82,2025-05-08T18:46:14.005715+00:00
502,humidity,48.7,2025-05-08T18:46:15.008460+00:00
503,humidity,48.7,2025-05-08T18:46:15.008460+00:00
504,humidity,41.78,2025-05-08T18:46:16.022845+00:00
505,humidity,41.78,2025-05-08T18:46:16.022845+00:00
506,humidity,45.71,2025-05-08T18:46:17.039643+00:00
507,humidity,45.71,2025-05-08T18:46:17.039643+00:00
508,humidity,51.49,2025-05-08T18:46:18.079439+00:00
509,humidity,51.49,2025-05-08T18:46:18.079439+00:00
510,humidity,39.0,2025-05-08T18:46:19.081678+00:00
511,humidity,39.0,2025-05-08T18:46:19.081678+00:00
512,humidity,43.0,2025-05-08T18:46:20.105388+00:00
513,humidity,43.0,2025-05-08T18:46:20.105388+00:00
514,humidity,38.59,2025-05-08T18:46:21.113668+00:00
515,humidity,38.59,2025-05-08T18:46:21.113668+00:00
516,humidity,51.43,2025-05-08T18:46:22.130534+00:00
517,humidity,51.43,2025-05-08T18:46:22.130534+00:00
518,humidity,47.78,2025-05-08T18:46:23.143975+00:00
519,humidity,47.78,2025-05-08T18:46:23.143975+00:00
520,humidity,44.07,2025-05-08T18:46:24.148077+00:00
521,humidity,44.07,2025-05-08T18:46:24.148077+00:00
522,humidity,44.2,2025-05-08T18:46:23.494737+00:00
523,humidity,44.2,2025-05-08T18:46:23.494737+00:00
524,humidity,43.73,2025-05-08T18:46:24.513518+00:00
525,humidity,43.73,2025-05-08T18:46:24.513518+00:00
526,humidity,43.99,2025-05-08T18:46:25.519206+00:00
527,humidity,43.99,2025-05-08T18:46:25.519206+00:00
528,humidity,47.36,2025-05-08T18:46:26.522870+00:00
529,humidity,47.36,2025-05-08T18:46:26.522870+00:00
530,humidity,39.67,2025-05-08T18:46:27.542369+00:00
531,humidity,39.67,2025-05-08T18:46:27.542369+00:00
532,humidity,53.96,2025-05-08T18:46:28.547319+00:00
533,humidity,53.96,2025-05-08T18:46:28.547319+00:00
534,humidity,44.97,2025-05-08T18:46:29.561264+00:00
535,humidity,44.97,2025-05-08T18:46:29.561264+00:00
536,humidity,54.52,2025-05-08T18:46:30.583255+00:00
537,humidity,54.52,2025-05-08T18:46:30.583255+00:00
538,humidity,42.43,2025-05-08T18:46:31.596958+00:00
539,humidity,42.43,2025-05-08T18:46:31.596958+00:00
540,humidity,54.64,2025-05-08T18:46:32.609008+00:00
541,humidity,54.64,2025-05-08T18:46:32.609008+00:00
542,humidity,36.99,2025-05-08T18:46:33.616827+00:00
543,humidity,36.99,2025-05-08T18:46:33.616827+00:00
544,humidity,51.69,2025-05-08T18:46:34.663697+00:00
545,humidity,51.69,2025-05-08T18:46:34.663697+00:00
546,humidity,50.22,2025-05-08T18:46:35.682311+00:00
547,humidity,50.22,2025-05-08T18:46:35.682311+00:00
548,humidity,44.89,2025-05-08T18:46:36.684945+00:00
549,humidity,44.89,2025-05-08T18:46:36.684945+00:00
550,humidity,46.36,2025-05-08T18:46:37.694558+00:00
551,humidity,46.36,2025-05-08T18:46:37.694558+00:00
552,humidity,46.01,2025-05-08T18:46:38.703505+00:00
553,humidity,46.01,2025-05-08T18:46:38.703505+00:00
554,humidity,44.14,2025-05-08T18:46:39.710360+00:00
555,humidity,44.14,2025-05-08T18:46:39.710360+00:00
556,humidity,46.33,2025-05-08T18:46:40.726600+00:00
557,humidity,46.33,2025-05-08T18:46:40.726600+00:00
558,humidity,42.53,2025-05-08T18:46:41.744158+00:00
559,humidity,42.53,2025-05-08T18:46:41.744158+00:00
560,humidity,46.73,2025-05-08T18:46:42.749236+00:00
561,humidity,46.73,2025-05-08T18:46:42.749236+00:00
562,humidity,45.16,2025-05-08T18:46:43.753204+00:00
563,humidity,45.16,2025-05-08T18:46:43.753204+00:00
564,humidity,45.44,2025-05-08T18:46:44.774225+00:00
565,humidity,45.44,2025-05-08T18:46:44.774225+00:00
566,humidity,44.53,2025-05-08T18:46:45.788777+00:00
567,humidity,44.53,2025-05-08T18:46:45.788777+00:00
568,humidity,44.17,2025-05-08T18:46:46.803620+00:00
569,humidity,44.17,2025-05-08T18:46:46.803620+00:00
570,humidity,44.69,2025-05-08T18:46:47.831233+00:00
571,humidity,44.69,2025-05-08T18:46:47.831233+00:00
572,humidity,44.05,2025-05-08T18:46:48.859924+00:00
573,humidity,44.05,2025-05-08T18:46:48.859924+00:00
574,humidity,46.49,2025-05-08T18:46:49.887673+00:00
575,humidity,46.49,2025-05-08T18:46:49.887673+00:00
576,humidity,45.51,2025-05-08T18:46:50.893632+00:00
577,humidity,45.51,2025-05-08T18:46:50.893632+00:00
578,humidity,46.94,2025-05-08T18:46:51.913934+00:00
579,humidity,46.94,2025-05-08T18:46:51.913934+00:00
580,humidity,47.96,2025-05-08T18:46:52.167899+00:00
581,humidity,47.96,2025-05-08T18:46:52.167899+00:00
582,humidity,49.11,2025-05-08T18:46:52.275430+00:00
583,humidity,49.11,2025-05-08T18:46:52.275430+00:00
584,humidity,48.59,2025-05-08T18:46:53.292158+00:00
585,humidity,48.59,2025-05-08T18:46:53.292158+00:00
586,humidity,43.79,2025-05-08T18:46:54.315110+00:00
587,humidity,43.79,2025-05-08T18:46:54.315110+00:00
588,humidity,46.22,2025-05-08T18:46:55.317763+00:00
589,humidity,46.22,2025-05-08T18:46:55.317763+00:00
590,humidity,42.26,2025-05-08T18:46:56.334940+00:00
591,humidity,42.26,2025-05-08T18:46:56.334940+00:00
592,humidity,47.91,2025-05-08T18:46:57.353537+00:00
593,humidity,47.91,2025-05-08T18:46:57.353537+00:00
594,humidity,45.6,2025-05-08T18:46:58.384572+00:00
595,humidity,45.6,2025-05-08T18:46:58.384572+00:00
596,humidity,46.67,2025-05-08T18:46:59.428141+00:00
597,humidity,46.67,2025-05-08T18:46:59.428141+00:00
598,humidity,42.05,2025-05-08T18:47:00.452343+00:00
599,humidity,42.05,2025-05-08T18:47:00.452343+00:00
600,humidity,45.14,2025-05-08T18:47:01.474579+00:00
601,humidity,45.14,2025-05-08T18:47:01.474579+00:00
602,humidity,43.98,2025-05-08T18:47:02.479497+00:00
603,humidity,43.98,2025-05-08T18:47:02.479497+00:00
604,humidity,40.84,2025-05-08T18:47:03.517797+00:00
605,humidity,40.84,2025-05-08T18:47:03.517797+00:00
606,humidity,47.42,2025-05-08T18:47:04.531399+00:00
607,humidity,47.42,2025-05-08T18:47:04.531399+00:00
608,humidity,43.89,2025-05-08T18:47:05.534519+00:00
609,humidity,43.89,2025-05-08T18:47:05.534519+00:00
610,humidity,46.42,2025-05-08T18:47:06.539591+00:00
611,humidity,46.42,2025-05-08T18:47:06.539591+00:00
612,humidity,39.42,2025-05-08T18:47:07.545558+00:00
613,humidity,39.42,2025-05-08T18:47:07.545558+00:00
614,humidity,41.91,2025-05-08T18:47:08.551153+00:00
615,humidity,41.91,2025-05-08T18:47:08.551153+00:00
616,humidity,46.84,2025-05-08T18:47:09.583978+00:00
617,humidity,46.84,2025-05-08T18:47:09.583978+00:00
618,humidity,49.89,2025-05-08T18:47:10.594443+00:00
619,humidity,49.89,2025-05-08T18:47:10.594443+00:00
620,humidity,46.36,2025-05-08T18:47:11.606995+00:00
621,humidity,46.36,2025-05-08T18:47:11.606995+00:00
622,humidity,44.64,2025-05-08T18:47:12.615096+00:00
623,humidity,44.64,2025-05-08T18:47:12.615096+00:00
624,humidity,47.07,2025-05-08T18:47:13.626217+00:00
625,humidity,47.07,2025-05-08T18:47:13.626217+00:00
626,humidity,46.35,2025-05-08T18:47:14.645219+00:00
627,humidity,46.35,2025-05-08T18:47:14.645219+00:00
628,humidity,50.17,2025-05-08T18:47:15.669037+00:00
629,humidity,50.17,2025-05-08T18:47:15.669037+00:00
630,humidity,47.65,2025-05-08T18:47:16.675458+00:00
631,humidity,47.65,2025-05-08T18:47:16.675458+00:00
632,humidity,46.34,2025-05-08T18:47:17.685706+00:00
633,humidity,46.34,2025-05-08T18:47:17.685706+00:00
634,humidity,42.89,2025-05-08T18:47:18.697221+00:00
635,humidity,42.89,2025-05-08T18:47:18.697221+00:00
636,humidity,51.94,2025-05-08T18:47:19.713227+00:00
637,humidity,51.94,2025-05-08T18:47:19.713227+00:00
638,humidity,44.24,2025-05-08T18:47:20.718163+00:00
639,humidity,44.24,2025-05-08T18:47:20.718163+00:00
640,humidity,40.36,2025-05-08T18:47:20.079939+00:00
641,humidity,40.36,2025-05-08T18:47:20.079939+00:00
642,humidity,43.95,2025-05-08T18:47:21.084224+00:00
643,humidity,43.95,2025-05-08T18:47:21.084224+00:00
644,humidity,38.52,2025-05-08T18:47:22.093556+00:00
645,humidity,38.52,2025-05-08T18:47:22.093556+00:00
646,humidity,45.85,2025-05-08T18:47:23.129159+00:00
647,humidity,45.85,2025-05-08T18:47:23.129159+00:00
648,humidity,47.45,2025-05-08T18:47:24.140083+00:00
649,humidity,47.45,2025-05-08T18:47:24.140083+00:00
650,humidity,38.91,2025-05-08T18:47:25.173354+00:00
651,humidity,38.91,2025-05-08T18:47:25.173354+00:00
652,humidity,44.92,2025-05-08T18:47:26.195882+00:00
653,humidity,44.92,2025-05-08T18:47:26.195882+00:00
654,humidity,38.29,2025-05-08T18:47:27.212841+00:00
655,humidity,38.29,2025-05-08T18:47:27.212841+00:00
656,humidity,48.15,2025-05-08T18:47:28.240497+00:00
657,humidity,48.15,2025-05-08T18:47:28.240497+00:00
658,humidity,39.26,2025-05-08T18:47:29.253537+00:00
659,humidity,39.26,2025-05-08T18:47:29.253537+00:00
660,humidity,39.3,2025-05-08T18:47:30.258137+00:00
661,humidity,39.3,2025-05-08T18:47:30.258137+00:00
662,humidity,41.29,2025-05-08T18:47:31.262723+00:00
663,humidity,41.29,2025-05-08T18:47:31.262723+00:00
664,humidity,53.4,2025-05-08T18:47:32.272163+00:00
665,humidity,53.4,2025-05-08T18:47:32.272163+00:00
666,humidity,38.85,2025-05-08T18:47:33.295562+00:00
667,humidity,38.85,2025-05-08T18:47:33.295562+00:00
668,humidity,43.1,2025-05-08T18:47:34.325430+00:00
669,humidity,43.1,2025-05-08T18:47:34.325430+00:00
670,humidity,44.9,2025-05-08T18:47:35.334152+00:00
671,humidity,44.9,2025-05-08T18:47:35.334152+00:00
672,humidity,45.08,2025-05-08T18:47:36.356111+00:00
673,humidity,45.08,2025-05-08T18:47:36.356111+00:00
674,humidity,46.0,2025-05-08T18:47:37.393602+00:00
675,humidity,46.0,2025-05-08T18:47:37.393602+00:00
676,humidity,42.81,2025-05-08T18:47:38.398375+00:00
677,humidity,42.81,2025-05-08T18:47:38.398375+00:00
678,humidity,43.62,2025-05-08T18:47:39.409101+00:00
679,humidity,43.62,2025-05-08T18:47:39.409101+00:00
680,humidity,44.69,2025-05-08T18:47:40.425314+00:00
681,humidity,44.69,2025-05-08T18:47:40.425314+00:00
682,humidity,45.6,2025-05-08T18:47:41.429678+00:00
683,humidity,45.6,2025-05-08T18:47:41.429678+00:00
684,humidity,45.91,2025-05-08T18:47:42.442465+00:00
685,humidity,45.91,2025-05-08T18:47:42.442465+00:00
686,humidity,45.12,2025-05-08T18:47:43.445085+00:00
687,humidity,45.12,2025-05-08T18:47:43.445085+00:00
688,humidity,46.77,2025-05-08T18:47:44.450023+00:00
689,humidity,46.77,2025-05-08T18:47:44.450023+00:00
690,humidity,47.42,2025-05-08T18:47:45.457127+00:00
691,humidity,47.42,2025-05-08T18:47:45.457127+00:00
692,humidity,43.18,2025-05-08T18:47:46.468961+00:00
693,humidity,43.18,2025-05-08T18:47:46.468961+00:00
694,humidity,47.61,2025-05-08T18:47:47.477940+00:00
695,humidity,47.61,2025-05-08T18:47:47.477940+00:00
696,humidity,46.01,2025-05-08T18:47:48.483256+00:00
697,humidity,46.01,2025-05-08T18:47:48.483256+00:00
698,humidity,43.95,2025-05-08T18:47:49.493088+00:00
699,humidity,43.95,2025-05-08T18:47:49.493088+00:00
700,humidity,46.93,2025-05-08T18:47:48.847132+00:00
701,humidity,46.93,2025-05-08T18:47:48.847132+00:00
702,humidity,47.41,2025-05-08T18:47:49.876900+00:00
703,humidity,47.41,2025-05-08T18:47:49.876900+00:00
704,humidity,41.43,2025-05-08T18:47:50.913409+00:00
705,humidity,41.43,2025-05-08T18:47:50.913409+00:00
706,humidity,47.5,2025-05-08T18:47:51.935886+00:00
707,humidity,47.5,2025-05-08T18:47:51.935886+00:00
708,humidity,49.92,2025-05-08T18:47:52.944585+00:00
709,humidity,49.92,2025-05-08T18:47:52.944585+00:00
710,humidity,41.24,2025-05-08T18:47:53.947702+00:00
711,humidity,41.24,2025-05-08T18:47:53.947702+00:00
712,humidity,50.01,2025-05-08T18:47:54.957353+00:00
713,humidity,50.01,2025-05-08T18:47:54.957353+00:00
714,humidity,44.28,2025-05-08T18:47:55.976179+00:00
715,humidity,44.28,2025-05-08T18:47:55.976179+00:00
716,humidity,47.55,2025-05-08T18:47:56.985092+00:00
717,humidity,47.55,2025-05-08T18:47:56.985092+00:00
718,humidity,40.51,2025-05-08T18:47:57.991771+00:00
719,humidity,40.51,2025-05-08T18:47:57.991771+00:00
720,humidity,39.78,2025-05-08T18:47:58.999307+00:00
721,humidity,39.78,2025-05-08T18:47:58.999307+00:00
722,humidity,43.12,2025-05-08T18:48:00.006286+00:00
723,humidity,43.12,2025-05-08T18:48:00.006286+00:00
724,humidity,45.92,2025-05-08T18:48:01.030746+00:00
725,humidity,45.92,2025-05-08T18:48:01.030746+00:00
726,humidity,39.85,2025-05-08T18:48:02.048380+00:00
727,humidity,39.85,2025-05-08T18:48:02.048380+00:00
728,humidity,45.03,2025-05-08T18:48:03.081732+00:00
729,humidity,45.03,2025-05-08T18:48:03.081732+00:00
730,humidity,40.48,2025-05-08T18:48:04.158787+00:00
731,humidity,40.48,2025-05-08T18:48:04.158787+00:00
732,humidity,47.46,2025-05-08T18:48:05.210081+00:00
733,humidity,47.46,2025-05-08T18:48:05.210081+00:00
734,humidity,39.88,2025-05-08T18:48:06.246324+00:00
735,humidity,39.88,2025-05-08T18:48:06.246324+00:00
736,humidity,47.83,2025-05-08T18:48:07.276162+00:00
737,humidity,47.83,2025-05-08T18:48:07.276162+00:00
738,humidity,41.1,2025-05-08T18:48:08.303094+00:00
739,humidity,41.1,2025-05-08T18:48:08.303094+00:00
740,humidity,50.72,2025-05-08T18:48:09.330162+00:00
741,humidity,50.72,2025-05-08T18:48:09.330162+00:00
742,humidity,46.72,2025-05-08T18:48:10.341253+00:00
743,humidity,46.72,2025-05-08T18:48:10.341253+00:00
744,humidity,42.77,2025-05-08T18:48:11.356916+00:00
745,humidity,42.77,2025-05-08T18:48:11.356916+00:00
746,humidity,43.58,2025-05-08T18:48:12.372138+00:00
747,humidity,43.58,2025-05-08T18:48:12.372138+00:00
748,humidity,41.17,2025-05-08T18:48:13.377189+00:00
749,humidity,41.17,2025-05-08T18:48:13.377189+00:00
750,humidity,42.08,2025-05-08T18:48:14.408605+00:00
751,humidity,42.08,2025-05-08T18:48:14.408605+00:00
752,humidity,39.54,2025-05-08T18:48:15.416855+00:00
753,humidity,39.54,2025-05-08T18:48:15.416855+00:00
754,humidity,52.99,2025-05-08T18:48:16.432498+00:00
755,humidity,52.99,2025-05-08T18:48:16.432498+00:00
756,humidity,48.05,2025-05-08T18:48:17.447787+00:00
757,humidity,48.05,2025-05-08T18:48:17.447787+00:00
758,humidity,52.85,2025-05-08T18:48:16.794987+00:00
759,humidity,52.85,2025-05-08T18:48:16.794987+00:00
760,humidity,45.19,2025-05-08T18:48:17.815865+00:00
761,humidity,45.19,2025-05-08T18:48:17.815865+00:00
762,humidity,35.74,2025-05-08T18:48:18.866836+00:00
763,humidity,35.74,2025-05-08T18:48:18.866836+00:00
764,humidity,52.42,2025-05-08T18:48:19.886985+00:00
765,humidity,52.42,2025-05-08T18:48:19.886985+00:00
766,humidity,42.06,2025-05-08T18:48:20.896608+00:00
767,humidity,42.06,2025-05-08T18:48:20.896608+00:00
768,humidity,43.51,2025-05-08T18:48:21.912820+00:00
769,humidity,43.51,2025-05-08T18:48:21.912820+00:00
770,humidity,44.24,2025-05-08T18:48:22.935792+00:00
771,humidity,44.24,2025-05-08T18:48:22.935792+00:00
772,humidity,37.96,2025-05-08T18:48:23.945661+00:00
773,humidity,37.96,2025-05-08T18:48:23.945661+00:00
774,humidity,38.71,2025-05-08T18:48:24.959858+00:00
775,humidity,38.71,2025-05-08T18:48:24.959858+00:00
776,humidity,49.65,2025-05-08T18:48:25.981254+00:00
777,humidity,49.65,2025-05-08T18:48:25.981254+00:00
778,humidity,54.29,2025-05-08T18:48:26.986921+00:00
779,humidity,54.29,2025-05-08T18:48:26.986921+00:00
